{"filename": "fast.wav", "total_length": 1.0, "mean": 0.4, "std": 0.20000000000000007, "max_value": 0.6000000000000001, "min_pause": 0.2, "median": 0.4}